종목코드,종목명,시장구분,소속부,소속부,업종코드,업종명,결산월,지정자문인,상장주식수,액면가,자본금,통화구분,대표이사,대표전화,주소
"238200","비피도","KOSDAQ","기술성장기업부","기술성장기업","031007","기타 식품 제조업","12",,"8180000","500","4090000000","원(KRW)","신용철","033-435-4962","강원도 홍천군 홍천읍 농공단지길 23-16 "
"092040","아미코젠","KOSDAQ","기술성장기업부","기술성장기업","031007","기타 식품 제조업","12",,"19754708","500","9877354000","원(KRW)","신용철","055-759-6161","경상남도 진주시 문산읍 월아산로950번길 14-10 아미코젠 문산 1공장 "
"377220","프롬바이오","KOSDAQ","기술성장기업부","이익미실현기업","031007","기타 식품 제조업","12",,"14155000","100","1415500000","원(KRW)","심태진","031-695-8200","경기도 수원시 영통구 신원로 88 디지털엠파이어2, 104동 102호 "
"276730","제주맥주","KOSDAQ","기술성장기업부","이익미실현기업","031101","알코올음료 제조업","12",,"57171671","500","28585835500","원(KRW)","문혁기","064-798-9800","제주특별자치도 제주시 한림읍 금능농공길 62-11 "
"352700","씨앤투스성진","KOSDAQ","기술성장기업부","이익미실현기업","031309","기타 섬유제품 제조업","12",,"28276899","500","14336649500","원(KRW)","하춘욱","02-585-5915","부산광역시 강서구 녹산산업중로192번길 24 "
"357550","석경에이티","KOSDAQ","기술성장기업부","기술성장기업","032001","기초 화학물질 제조업","12",,"5455000","500","2727500000","원(KRW)","임형섭","031-493-0955","경기도 안산시 단원구 별망로459번길 24 "
"365340","성일하이텍","KOSDAQ","기술성장기업부","이익미실현기업","032001","기초 화학물질 제조업","12",,"11613649","500","5806824500","원(KRW)","이강명","063-466-9200","전라북도 군산시 군산산단로 143-12 "
"286750","나노브릭","KOSDAQ","기술성장기업부","기술성장기업","032001","기초 화학물질 제조업","12",,"20464549","500","10232274500","원(KRW)","주재현","031-663-9420","경기도 평택시 산단로52번길 68 "
"239890","피엔에이치테크","KOSDAQ","기술성장기업부","기술성장기업","032001","기초 화학물질 제조업","12",,"9206632","500","4603316000","원(KRW)","현서용","031-8021-1890","경기도 용인시 기흥구 동백중앙로16번길 16-25, 804호(중동, 대우프론티어밸리 1단지) &nbsp"
"110020","전진바이오팜","KOSDAQ","기술성장기업부","기술성장기업","032004","기타 화학제품 제조업","12",,"6840000","500","3420000000","원(KRW)","이태훈","053-593-7191","대구광역시 달서구 성서공단북로 295 - "
"112290","영창케미칼","KOSDAQ","기술성장기업부","기술성장기업","032004","기타 화학제품 제조업","12",,"10110545","1000","10262465000","원(KRW)","이성일, 이승훈","054-930-2500","경상북도 성주군 선남면 유서리길 174-12 &nbsp"
"214260","라파스","KOSDAQ","기술성장기업부","기술성장기업","032004","기타 화학제품 제조업","12",,"8617416","500","4308708000","원(KRW)","정도현","02-392-3011","서울특별시 강서구 마곡중앙8로1길 62 라파스 &nbsp;"
"294140","레몬","KOSDAQ","기술성장기업부","기술성장기업","032005","화학섬유 제조업","12",,"37000000","500","18500000000","원(KRW)","김광진","054-470-8800","경상북도 구미시 산동면 산호대로 1105-65 "
"182400","엔케이맥스","KOSDAQ","기술성장기업부","기술성장기업","032101","기초 의약물질 및 생물학적 제제 제조업","12",,"39647120","500","19823560000","원(KRW)","박상우","031-603-9218","경기도 성남시 분당구 돌마로 172 정자동, 헬스케어혁신파크 1층및6층 "
"288330","브릿지바이오테라퓨틱스","KOSDAQ","기술성장기업부","기술성장기업","032101","기초 의약물질 및 생물학적 제제 제조업","12",,"19896425","500","9948212500","원(KRW)","이정규","031-8092-3280","경기도 성남시 분당구 판교로 255번길 58, 303호 (삼평동, 씨즈타워) "
"331920","셀레믹스","KOSDAQ","기술성장기업부","기술성장기업","032101","기초 의약물질 및 생물학적 제제 제조업","12",,"8164148","500","4082074000","원(KRW)","김효기, 이용훈","02-6746-8067","서울특별시 금천구 가산디지털1로 131, A동 19층 및 20층 2004호 외 &nbsp"
"196300","애니젠","KOSDAQ","기술성장기업부","기술성장기업","032101","기초 의약물질 및 생물학적 제제 제조업","12",,"5602556","500","2801278000","원(KRW)","김재일","062-714-1166","광주광역시 북구 첨단과기로 333 광주테크노파크 시험생산동 206호 &nbsp"
"251120","바이오에프디엔씨","KOSDAQ","기술성장기업부","기술성장기업","032101","기초 의약물질 및 생물학적 제제 제조업","12",,"8695700","500","4347850000","원(KRW)","모상현, 정대현","032-811-2027","인천광역시 연수구 송도미래로 30 A동 509호, 510호, 511호"
"086820","바이오솔루션","KOSDAQ","기술성장기업부","기술성장기업","032101","기초 의약물질 및 생물학적 제제 제조업","12",,"8143426","500","4071713000","원(KRW)","장송선","02-3446-8884","서울특별시 서초구 논현로 121 두일빌딩 1층,3~8층(양재동) "
"310210","보로노이","KOSDAQ","기술성장기업부","기술성장기업","032101","기초 의약물질 및 생물학적 제제 제조업","12",,"12645869","500","6322934500","원(KRW)","김현태","032-830-4855","인천광역시 연수구 송도과학로 32 에스동 18층 "
"298380","에이비엘바이오","KOSDAQ","기술성장기업부","기술성장기업","032101","기초 의약물질 및 생물학적 제제 제조업","12",,"47658014","500","23829007000","원(KRW)","이상훈","031-8018-9800","경기도 성남시 분당구 대왕판교로 712번길 16, 2층(삼평동) "
"183490","엔지켐생명과학","KOSDAQ","기술성장기업부","기술성장기업","032101","기초 의약물질 및 생물학적 제제 제조업","12",,"84288078","500","42144039000","원(KRW)","손기영","043-652-2845","충청북도 제천시 바이오밸리로 59 &nbsp"
"048530","인트론바이오","KOSDAQ","기술성장기업부","기술성장기업","032101","기초 의약물질 및 생물학적 제제 제조업","12",,"34150762","500","17075381000","원(KRW)","윤성준, 윤경원(각자대표)","031-739-5678","경기도 성남시 중원구  사기막골로 137 중앙인더스피아 5차 701~704호"
"263050","유틸렉스","KOSDAQ","기술성장기업부","기술성장기업","032101","기초 의약물질 및 생물학적 제제 제조업","12",,"36758355","500","18379177500","원(KRW)","권병세, 최수영","02-3402-7314","서울특별시 금천구 가산디지털1로 58 408호 (가산동, 에이스한솔타워)"
"087010","펩트론","KOSDAQ","기술성장기업부","기술성장기업","032101","기초 의약물질 및 생물학적 제제 제조업","12",,"20626853","500","10313426500","원(KRW)","최호일","042-360-8880","대전광역시 유성구 유성대로1628번길 37-24 "
"225220","제놀루션","KOSDAQ","기술성장기업부","기술성장기업","032101","기초 의약물질 및 생물학적 제제 제조업","12",,"9590835","500","4795417500","원(KRW)","김기옥","02-449-8670","서울특별시 강서구 마곡중앙8로3길 63 (주)제놀루션"
"244460","올리패스","KOSDAQ","기술성장기업부","기술성장기업","032101","기초 의약물질 및 생물학적 제제 제조업","12",,"27424804","500","13712402000","원(KRW)","정신","02-6488-2200","경기도 용인시 기흥구 동백중앙로16번길 16-4 에이스동백타워1동 20층"
"217730","강스템바이오텍","KOSDAQ","기술성장기업부","기술성장기업","032101","기초 의약물질 및 생물학적 제제 제조업","12",,"37937925","500","18968962500","원(KRW)","나종천","02-888-1590","서울특별시 강남구 테헤란로 512 신안빌딩 17층"
"314130","지놈앤컴퍼니","KOSDAQ","기술성장기업부","기술성장기업","032101","기초 의약물질 및 생물학적 제제 제조업","12",,"14079521","500","7039760500","원(KRW)","배지수, 박한수, 서영진 (각자 대표이사)","031-628-0150","경기도 성남시 분당구 판교로255번길 35, B동 8층(삼평동, 판교실리콘파크) &nbsp"
"246710","티앤알바이오팹","KOSDAQ","기술성장기업부","기술성장기업","032101","기초 의약물질 및 생물학적 제제 제조업","12",,"20791964","500","10395982000","원(KRW)","윤원수","031-431-3344","경기도 시흥시 산기대학로 237, 540호(정왕동, 한국산업기술대학교 스마트허브 산학융합본부) &nbsp;"
"187420","제노포커스","KOSDAQ","기술성장기업부","기술성장기업","032101","기초 의약물질 및 생물학적 제제 제조업","12",,"22525010","500","11262505000","원(KRW)","김의중","042-862-4483","대전광역시 유성구 테크노1로 65(관평동) "
"206650","유바이오로직스","KOSDAQ","기술성장기업부","기술성장기업","032102","의약품 제조업","12",,"36444807","500","18222403500","원(KRW)","백영옥, 최석근 (각자대표이사)","02-572-6675","서울특별시 강남구 도산대로 207 성도빌딩 8층 "
"298060","에스씨엠생명과학","KOSDAQ","기술성장기업부","기술성장기업","032102","의약품 제조업","12",,"12120570","500","6060285000","원(KRW)","손병관","032-881-3600","인천광역시 연수구 갯벌로145번길 7-7 (송도동, 에스씨엠생명과학(주))"
"179530","애드바이오텍","KOSDAQ","기술성장기업부","기술성장기업","032102","의약품 제조업","12",,"9140444","500","4570222000","원(KRW)","정홍걸","033-261-4907","강원도 춘천시 동내면 거두단지1길 39 &nbsp"
"220100","퓨쳐켐","KOSDAQ","기술성장기업부","기술성장기업","032102","의약품 제조업","12",,"13691971","500","6845985500","원(KRW)","지대윤","02-497-3114","서울특별시 성동구 성수일로8길 59 평화빌딩 B동 3층(성수동2가) "
"222110","팬젠","KOSDAQ","기술성장기업부","기술성장기업","032102","의약품 제조업","12",,"10677630","500","5338815000","원(KRW)","김영부, 윤재승","031-733-9165","경기도 수원시 영통구 신원로 306, 2동 4층(원천동 영통이노플렉스) &nbsp"
"166480","코아스템","KOSDAQ","기술성장기업부","기술성장기업","032102","의약품 제조업","12",,"15932133","500","7966066500","원(KRW)","김경숙","02-497-3711","경기도 성남시 분당구 판교로255번길 24 (삼평동)"
"334970","프레스티지바이오로직스","KOSDAQ","기술성장기업부","기술성장기업","032102","의약품 제조업","12",,"47320139","500","23660069500","원(KRW)","현덕훈","043-232-1552","충청북도 청주시 흥덕구 오송읍 오송생명1로 197 "
"175250","아이큐어","KOSDAQ","기술성장기업부","기술성장기업","032102","의약품 제조업","12",,"19001657","500","9500828500","원(KRW)","이영석, 이재범(공동대표)","02-6959-6909","서울특별시 강남구 봉은사로104길 10 7층 "
"208340","파멥신","KOSDAQ","기술성장기업부","기술성장기업","032102","의약품 제조업","12",,"25678786","500","12839393000","원(KRW)","유진산","042-863-2017","대전광역시 유성구 유성대로1689번길 70 KT대덕2연구센터 연구2동 2층"
"174900","앱클론","KOSDAQ","기술성장기업부","기술성장기업","032103","의료용품 및 기타 의약 관련제품 제조업","12",,"15318069","500","7659034500","원(KRW)","이종서","02-2109-1294","서울특별시 구로구 디지털로 285 에이스트윈타워 1차 1401호 "
"153710","옵티팜","KOSDAQ","기술성장기업부","기술성장기업","032103","의료용품 및 기타 의약 관련제품 제조업","12",,"14669958","500","7334979000","원(KRW)","김현일","043-249-7500","충청북도 청주시 흥덕구 오송읍 오송생명6로 63 "
"229000","젠큐릭스","KOSDAQ","기술성장기업부","기술성장기업","032103","의료용품 및 기타 의약 관련제품 제조업","12",,"6668588","500","3334294000","원(KRW)","조상래","02-2621-7038","서울특별시 구로구 디지털로 243 지하이시티 15층 "
"138610","나이벡","KOSDAQ","기술성장기업부","기술성장기업","032103","의료용품 및 기타 의약 관련제품 제조업","12",,"9957479","500","4978739500","원(KRW)","정종평","043-532-7458","충청북도 진천군  이월면 밤디길 116 이월전기전자농공1단지"
"246960","이노테라피","KOSDAQ","기술성장기업부","기술성장기업","032103","의료용품 및 기타 의약 관련제품 제조업","12",,"5422043","500","2711021500","원(KRW)","이문수","02-6959-1338","서울특별시 영등포구 선유로13길 25 에이스하이테크시티 2차 1209호 "
"352770","클리노믹스","KOSDAQ","기술성장기업부","기술성장기업","032103","의료용품 및 기타 의약 관련제품 제조업","12",,"13620141","100","1362014100","원(KRW)","정종태, 박종화(각자 대표이사)","070-8286-6966","울산광역시 울주군 언양읍 유니스트길 50, 110동 3층 301-3호(울산과학기술원) "
"216080","제테마","KOSDAQ","기술성장기업부","이익미실현기업","032103","의료용품 및 기타 의약 관련제품 제조업","12",,"17802259","500","8901129500","원(KRW)","김재영","02-572-1331","강원도 원주시 지정면 조엄로 321 &nbsp;"
"228760","지노믹트리","KOSDAQ","기술성장기업부","기술성장기업","032103","의료용품 및 기타 의약 관련제품 제조업","12",,"20727202","500","10363601000","원(KRW)","안성환","042-861-4551","대전광역시 유성구 테크노10로 44-6 "
"304840","피플바이오","KOSDAQ","기술성장기업부","기술성장기업","032103","의료용품 및 기타 의약 관련제품 제조업","12",,"11752680","500","5876340000","원(KRW)","강성민","031-526-7825","경기도 성남시 분당구 판교로 242, C동 6층 "
"086890","이수앱지스","KOSDAQ","기술성장기업부","기술성장기업","032103","의료용품 및 기타 의약 관련제품 제조업","12",,"33182668","500","16591334000","원(KRW)","황엽","031-696-4700","경기도 성남시 분당구 대왕판교로712번길 22, 씨동 5층
(삼평동, 글로벌알앤디센터) "
"253840","수젠텍","KOSDAQ","기술성장기업부","기술성장기업","032103","의료용품 및 기타 의약 관련제품 제조업","12",,"16238809","500","8119404500","원(KRW)","손미진","043-710-2884","대전광역시 유성구 유성대로1689번길 70 연구1동 지상2층(전민동,KT대덕2연구센터) "
"059270","해성티피씨","KOSDAQ","기술성장기업부","기술성장기업","032509","기타 금속 가공제품 제조업","12",,"9460000","500","4730000000","원(KRW)","이건복,이정훈(각자 대표)","032-820-3412","인천광역시 남동구 능허대로 551 "
"317120","라닉스","KOSDAQ","기술성장기업부","기술성장기업","032601","반도체 제조업","12",,"9660000","500","4906920000","원(KRW)","최승욱","02-584-5516","서울특별시 강남구 언주로135길 25 (논현동) "
"365590","하이딥","KOSDAQ","기술성장기업부","기술성장기업","032601","반도체 제조업","12",,"137457352","100","13745735200","원(KRW)","고범규","031-717-5775","경기도 성남시 분당구 대왕판교로644번길 49 다산타워 3층"
"396270","넥스트칩","KOSDAQ","기술성장기업부","기술성장기업","032601","반도체 제조업","12",,"17384240","500","8692120000","원(KRW)","김경수","02-3460-4594","경기도 성남시 분당구 판교역로 230, 비동 10층 "
"123010","아이윈플러스","KOSDAQ","기술성장기업부","기술성장기업","032602","전자부품 제조업","12",,"118636752","100","11863675200","원(KRW)","이준식, 박기홍(각자 대표이사)","043-218-7866","충청북도 청주시 흥덕구 옥산면 과학산업1로 114 &nbsp"
"357580","아모센스","KOSDAQ","기술성장기업부","기술성장기업","032602","전자부품 제조업","12",,"11200076","500","5614643000","원(KRW)","김인응","041-590-5700","충청남도 천안시 서북구 직산읍 모시리 308 천안 제4지방산업단지 19-1블럭"
"311320","지오엘리먼트","KOSDAQ","기술성장기업부","기술성장기업","032602","전자부품 제조업","12",,"6307280","500","3153640000","원(KRW)","신현국","031-611-9123","경기도 안성시 금석3길 30 "
"371950","풍원정밀","KOSDAQ","기술성장기업부","기술성장기업","032602","전자부품 제조업","12",,"21040488","500","10520244000","원(KRW)","유명훈","031-493-2107","경기도 안산시 단원구 산단로35번길 24 "
"125210","아모그린텍","KOSDAQ","기술성장기업부","기술성장기업","032602","전자부품 제조업","12",,"16496790","500","8248395000","원(KRW)","양성철, 김병규(각자대표)","031-987-3383","경기도 김포시 통진읍 김포대로1950번길 91 "
"361670","삼영에스앤씨","KOSDAQ","기술성장기업부","기술성장기업","032602","전자부품 제조업","12",,"5667658","500","2833829000","원(KRW)","박상익","031-741-1830","경기도 성남시 중원구 둔촌대로 446 &nbsp"
"247660","나노씨엠에스","KOSDAQ","기술성장기업부","기술성장기업","032602","전자부품 제조업","12",,"4288920","500","2144460000","원(KRW)","김시석","041-587-3901","충청남도 천안시 서북구 직산읍 4산단4로 48 "
"252990","샘씨엔에스","KOSDAQ","기술성장기업부","기술성장기업","032602","전자부품 제조업","12",,"50153846","500","25076923000","원(KRW)","최유진, 김헌태","031-546-7000","경기도 성남시 분당구 판교로255번길 35(삼평동, 실리콘파크1F) &nbsp"
"361390","제노코","KOSDAQ","기술성장기업부","기술성장기업","032604","통신 및 방송 장비 제조업","12",,"7500789","500","3782394500","원(KRW)","유태삼","031-428-6000","경기도 군포시 농심로72번길 1 (당정동,제노코빌딩) "
"363250","진시스템","KOSDAQ","기술성장기업부","기술성장기업","032701","의료용 기기 제조업","12",,"6920780","500","3460390000","원(KRW)","서유진","042-863-8551","대전광역시 유성구 테크노2로 200-9 "
"214610","미코바이오메드","KOSDAQ","기술성장기업부","기술성장기업","032701","의료용 기기 제조업","12",,"18308101","500","9154050500","원(KRW)","김성우","070-5227-6000","경기도 성남시 수정구 창업로 54 가동 3층, 4층 "
"226400","오스테오닉","KOSDAQ","기술성장기업부","기술성장기업","032701","의료용 기기 제조업","12",,"17139354","500","8569677000","원(KRW)","이동원","02-6902-8400","서울특별시 구로구 디지털로29길 38 에이스테크노타워Ⅲ1206호 "
"058110","멕아이씨에스","KOSDAQ","기술성장기업부","기술성장기업","032701","의료용 기기 제조업","12",,"16050530","500","8025265000","원(KRW)","김종철","070-7119-2500","경기도 파주시 상지석길 21 "
"294090","이오플로우","KOSDAQ","기술성장기업부","기술성장기업","032701","의료용 기기 제조업","12",,"30303521","100","3030352100","원(KRW)","김재진","031-724-0241","경기도 성남시 분당구 돌마로 172 에이치동 2202호(정자동,분당서울대학교병원 헬스케어혁신파)"
"305090","마이크로디지탈","KOSDAQ","기술성장기업부","기술성장기업","032701","의료용 기기 제조업","12",,"14744200","500","7372100000","원(KRW)","김경남","031-701-2225","경기도 성남시 분당구 판교로228번길 15 제윈스동 701호"
"335810","프리시젼바이오","KOSDAQ","기술성장기업부","기술성장기업","032701","의료용 기기 제조업","12",,"11575726","500","5787863000","원(KRW)","김한신","042-867-6300","대전시 유성구 테크노2로 306 "
"104540","코렌텍","KOSDAQ","기술성장기업부","기술성장기업","032701","의료용 기기 제조업","12",,"12348320","500","6174160000","원(KRW)","선두훈,선승훈,선경훈(각자 대표이사)","041-585-7114","충청남도 천안시 서북구 입장면 영산홍1길 12 "
"302550","리메드","KOSDAQ","기술성장기업부","이익미실현기업","032701","의료용 기기 제조업","12",,"6127616","500","3063808000","원(KRW)","-","031-696-4899","대전광역시 유성구 테크노2로 187 미건테크노월드2차 301호~303호"
"376930","노을","KOSDAQ","기술성장기업부","기술성장기업","032701","의료용 기기 제조업","12",,"11453530","500","5726765000","원(KRW)","임찬양(단독 대표이사)","031-308-6310","경기도 용인시 수지구 광교중앙로 338, 비동 10층 &nbsp"
"290660","네오펙트","KOSDAQ","기술성장기업부","기술성장기업","032701","의료용 기기 제조업","12",,"19240617","500","9620308500","원(KRW)","반호영","031-889-8521","경기도 성남시 수정구 창업로 42 판교제2테크노밸리 경기기업성장센터 801호"
"336570","원텍","KOSDAQ","기술성장기업부","기술성장기업","032701","의료용 기기 제조업","12",,"87036951","100","8703695100","원(KRW)","김종원, 김정현","02-769-3635","대전광역시 유성구 테크노8로 64 (용산동)"
"314930","바이오다인","KOSDAQ","기술성장기업부","이익미실현기업","032701","의료용 기기 제조업","12",,"6168195","500","3084097500","원(KRW)","임욱빈","070-4185-8605","서울특별시 성동구 아차산로5길 24-4 "
"317690","퀀타매트릭스","KOSDAQ","기술성장기업부","기술성장기업","032701","의료용 기기 제조업","12",,"16479411","500","8239705500","원(KRW)","권성훈","02-6956-3458","서울특별시 금천구 가산디지털1로 131 B동 16층(가산동, 비와이씨하이시티) "
"056090","이노시스","KOSDAQ","기술성장기업부","기술성장기업","032701","의료용 기기 제조업","12",,"76185130","500","38092565000","원(KRW)","최도영","031-860-6800","경기도 의정부시 산단로76번길 20 &nbsp"
"370090","퓨런티어","KOSDAQ","기술성장기업부","기술성장기업","032702","측정, 시험, 항해, 제어 및 기타 정밀기기 제조업; 광학기기 제외","12",,"7965980","500","4053175000","원(KRW)","배상신","070-4618-6100","경기도 성남시 중원구 사기막골로 58 "
"347000","센코","KOSDAQ","기술성장기업부","기술성장기업","032702","측정, 시험, 항해, 제어 및 기타 정밀기기 제조업; 광학기기 제외","12",,"8251244","500","4523122000","원(KRW)","하승철","031-492-0445","경기도 오산시 외삼미로15번길 73 &nbsp"
"238120","얼라인드","KOSDAQ","기술성장기업부","기술성장기업","032703","사진장비 및 광학기기 제조업","12",,"7189448","500","3594724000","원(KRW)","정연철","031-478-4185","경기도 안양시 동안구 시민대로327번길 28 (관양동) 2층,3층 "
"377330","이지트로닉스","KOSDAQ","기술성장기업부","기술성장기업","032801","전동기, 발전기 및 전기 변환 · 공급 · 제어 장치 제조업","12",,"7965454","500","4002727000","원(KRW)","강찬호","02-881-9800","경기도 화성시 금곡로163번길 63-100 "
"294630","서남","KOSDAQ","기술성장기업부","기술성장기업","032809","기타 전기장비 제조업","12",,"21389160","500","10694580000","원(KRW)","문승현","031-655-4336","경기도 안성시 원곡면 승량길 52 &nbsp"
"348210","넥스틴","KOSDAQ","기술성장기업부","기술성장기업","032902","특수 목적용 기계 제조업","12",,"9956674","500","4978337000","원(KRW)","박태훈","031-629-2300","경기도 화성시 동탄산단9길 23-12 "
"108490","로보티즈","KOSDAQ","기술성장기업부","기술성장기업","032902","특수 목적용 기계 제조업","12",,"11932423","500","5966211500","원(KRW)","김병수","070-8671-2600","서울특별시 강서구 마곡중앙5로1길 37 &nbsp"
"277810","레인보우로보틱스","KOSDAQ","기술성장기업부","기술성장기업","032902","특수 목적용 기계 제조업","12",,"16135214","500","8067607000","원(KRW)","이정호","042-719-8070","대전광역시 유성구 엑스포로339번길 10-19 "
"232680","라온테크","KOSDAQ","기술성장기업부","기술성장기업","032902","특수 목적용 기계 제조업","12",,"12480734","500","6240367000","원(KRW)","김원경","031-201-0000","경기도 수원시 권선구 산업로156번길 88-4 &nbsp"
"277880","티에스아이","KOSDAQ","기술성장기업부","이익미실현기업","032902","특수 목적용 기계 제조업","12",,"18643352","500","9321676000","원(KRW)","표인식","031-667-2623","경기도 화성시 향남읍 발안로 702-66 "
"254120","자비스","KOSDAQ","기술성장기업부","기술성장기업","032902","특수 목적용 기계 제조업","12",,"22182217","100","2218221700","원(KRW)","김형철","031-740-3820","경기도 성남시 중원구 사기막골로 177 금강하이테크밸리 619호"
"412350","레이저쎌","KOSDAQ","기술성장기업부","기술성장기업","032902","특수 목적용 기계 제조업","12",,"8425772","500","4212886000","원(KRW)","안건준","031-8060-3226","충청남도 아산시 배방읍 호서로79번길 20, 1층 "
"222160","바이옵트로","KOSDAQ","기술성장기업부","신속이전기업","032902","특수 목적용 기계 제조업","03",,"8143866","500","4150086500","원(KRW)","김완수","031-8005-5155","경기도 용인시 기흥구 탑실로58번길 14 &nbsp"
"274090","켄코아에어로스페이스","KOSDAQ","기술성장기업부","이익미실현기업","033103","항공기,우주선 및 부품 제조업","12",,"12247648","500","6123824000","원(KRW)","케네스민규리","055-855-4130","경상남도 사천시 사남면 외국기업로 152-44 "
"317870","엔바이오니아","KOSDAQ","기술성장기업부","기술성장기업","033309","그외 기타 제품 제조업","12",,"7875151","500","3937575500","원(KRW)","한정철","031-716-3670","충청북도 제천시 한방엑스포로 85, 85-1(왕암동) (주)엔바이오니아"
"368600","아이씨에이치","KOSDAQ","기술성장기업부","기술성장기업","033309","그외 기타 제품 제조업","12",,"5664755","500","2832377500","원(KRW)","김영훈","070-4187-2061","경기도 군포시 벌새전리길 13(당정동) "
"102370","케이옥션","KOSDAQ","기술성장기업부","이익미실현기업","074601","상품 중개업","12",,"27174135","500","13587067500","원(KRW)","도현순","02-3479-8888","서울특별시 강남구 언주로172길 23, 신사동 아트타워 "
"065660","안트로젠","KOSDAQ","기술성장기업부","기술성장기업","074607","기타 전문 도매업","12",,"9731373","500","4865686500","원(KRW)","이성구, 김미형(각자대표)","02-2104-0391","서울특별시 금천구 디지털로 130, 405호(가산동, 남성플라자) &nbsp"
"279600","미디어젠","KOSDAQ","기술성장기업부","기술성장기업","105802","소프트웨어 개발 및 공급업","12",,"4684781","500","2342390500","원(KRW)","고훈","02-6429-7171","경기도 성남시 분당구 성남대로331번길 8 킨스타워(정자동) 11층 1103호실 "
"148780","비플라이소프트","KOSDAQ","기술성장기업부","기술성장기업","105802","소프트웨어 개발 및 공급업","12",,"31445725","500","15722862500","원(KRW)","임경환","02-3487-0215","서울특별시 중구 퇴계로 385 준타워 9층 "
"402030","코난테크놀로지","KOSDAQ","기술성장기업부","기술성장기업","105802","소프트웨어 개발 및 공급업","12",,"5680444","500","2840222000","원(KRW)","김영섬","02-3469-8500","서울특별시 서초구 강남대로 327 대륭서초타워 6,7층 "
"322510","제이엘케이","KOSDAQ","기술성장기업부","기술성장기업","105802","소프트웨어 개발 및 공급업","12",,"15248264","100","1524826400","원(KRW)","김동민","070-4651-4051","충청북도 청주시 청원구 오창읍 양청송대길 10 청주미래누리터(지식산업센터) 204호 "
"376980","원티드랩","KOSDAQ","기술성장기업부","기술성장기업","105802","소프트웨어 개발 및 공급업","12",,"9438136","500","4719068000","원(KRW)","이복기","02-539-7118","서울특별시 송파구 올림픽로 300 35층 &nbsp"
"321820","와이더플래닛","KOSDAQ","기술성장기업부","기술성장기업","105802","소프트웨어 개발 및 공급업","12",,"6908282","500","3454141000","원(KRW)","구교식","02-2038-3266","서울특별시 강남구 테헤란로 211, 8층 &nbsp"
"058970","엠로","KOSDAQ","기술성장기업부","신속이전기업","105802","소프트웨어 개발 및 공급업","12",,"11212120","500","5970377000","원(KRW)","송재민","02-785-9848","서울특별시 영등포구 당산로41길 11, SK V1센터 E동 5층 &nbsp"
"304100","솔트룩스","KOSDAQ","기술성장기업부","기술성장기업","105802","소프트웨어 개발 및 공급업","12",,"10201330","500","5100665000","원(KRW)","이경일","02-2193-1600","서울특별시 강남구 언주로 538 &nbsp"
"301300","바이브컴퍼니","KOSDAQ","기술성장기업부","기술성장기업","105802","소프트웨어 개발 및 공급업","12",,"5580180","500","2790090000","원(KRW)","이재용","02-565-0531","서울특별시 용산구 독서당로 97 (한남동) "
"347700","라이프시맨틱스","KOSDAQ","기술성장기업부","기술성장기업","105802","소프트웨어 개발 및 공급업","12",,"10227950","500","5113975000","원(KRW)","송승재","1661-2858","서울특별시 강남구 언주로 533 &nbsp"
"376300","디어유","KOSDAQ","기술성장기업부","이익미실현기업","105802","소프트웨어 개발 및 공급업","12",,"23130206","500","11565103000","원(KRW)","안종오","02-6203-1220","서울특별시 강남구 삼성로 633, 4층(삼성동, 삼광빌딩) &nbsp"
"338220","뷰노","KOSDAQ","기술성장기업부","기술성장기업","105802","소프트웨어 개발 및 공급업","12",,"11379656","100","1137965600","원(KRW)","이예하","02-515-6646","서울특별시 서초구 강남대로 479 9층"
"347860","알체라","KOSDAQ","기술성장기업부","기술성장기업","105802","소프트웨어 개발 및 공급업","12",,"13950944","500","6975472000","원(KRW)","황영규","031-697-8962","경기도 성남시 분당구 판교로256번길 25 7층(삼평동) "
"276040","스코넥","KOSDAQ","기술성장기업부","기술성장기업","105802","소프트웨어 개발 및 공급업","12",,"12360824","500","6180412000","원(KRW)","황대실","02-458-3742","서울특별시 강남구 선릉로 577, 9층(역삼동, 조선내화빌딩) &nbsp"
"377480","마인즈랩","KOSDAQ","기술성장기업부","기술성장기업","105802","소프트웨어 개발 및 공급업","12",,"6079208","500","3039604000","원(KRW)","유태준","1661-3222","경기도 성남시 분당구 대왕판교로644번길 49 다산타워5층"
"328130","루닛","KOSDAQ","기술성장기업부","기술성장기업","105802","소프트웨어 개발 및 공급업","12",,"12223478","500","6111739000","원(KRW)","서범석","02-2138-0827","서울특별시 강남구 강남대로 374 4층~9층(역삼동, 케이스퀘어 강남II) "
"226330","신테카바이오","KOSDAQ","기술성장기업부","기술성장기업","105802","소프트웨어 개발 및 공급업","12",,"13517716","500","6758858000","원(KRW)","정종선","070-7663-0958","대전광역시 유성구 엑스포로 1 1903호(도룡동, 엑스포타워) "
"315640","딥노이드","KOSDAQ","기술성장기업부","기술성장기업","105802","소프트웨어 개발 및 공급업","12",,"9317134","500","4658567000","원(KRW)","최우식","02-6952-6001","서울특별시 구로구 디지털로33길 55 13층, 1305호"
"357880","비트나인","KOSDAQ","기술성장기업부","기술성장기업","105802","소프트웨어 개발 및 공급업","12",,"10353956","500","5176978000","원(KRW)","강철순","070-4800-3517","서울특별시 강서구 양천로 401 12층 A1201, A1202 &nbsp"
"288980","모아데이타","KOSDAQ","기술성장기업부","기술성장기업","105802","소프트웨어 개발 및 공급업","12",,"32435232","500","16217616000","원(KRW)","한상진","070-4099-5131","경기도 성남시 수정구 달래내로 46 810호 (시흥동, 성남글로벌융합센터)"
"377030","맥스트","KOSDAQ","기술성장기업부","기술성장기업","105802","소프트웨어 개발 및 공급업","12",,"19570882","500","9785441000","원(KRW)","박재완","02-585-9566","서울특별시 강남구 남부순환로351길 4, 3층(도곡동, 스테이77) "
"219420","링크제니시스","KOSDAQ","기술성장기업부","기술성장기업","105802","소프트웨어 개발 및 공급업","12",,"11469507","100","1146950700","원(KRW)","정성우","031-422-3581","경기도 안양시 동안구 시민대로 401, 319호(관양동, 대륭테크노타운15차) &nbsp"
"189330","씨이랩","KOSDAQ","기술성장기업부","기술성장기업","105802","소프트웨어 개발 및 공급업","12",,"6027284","500","3013642000","원(KRW)","이우영","02-2039-3147","서울특별시 강남구 언주로 617 3,4층 (논현동) "
"242040","나무기술","KOSDAQ","기술성장기업부","기술성장기업","105802","소프트웨어 개발 및 공급업","12",,"34241700","100","3424170000","원(KRW)","정철","031-8017-3900","서울특별시 강남구 삼성로 531 고운빌딩 5층 "
"200350","래몽래인","KOSDAQ","기술성장기업부","신속이전기업","105901","영화, 비디오물, 방송프로그램 제작 및 배급업","12",,"6258519","500","3129259500","원(KRW)","김동래, 박지복","02-761-9978","서울특별시 강남구 학동로25길 19 "
"289220","자이언트스텝","KOSDAQ","기술성장기업부","기술성장기업","105901","영화, 비디오물, 방송프로그램 제작 및 배급업","12",,"21996222","500","10998111000","원(KRW)","하승봉, 이지철","02-549-0005","서울특별시 강남구 학동로37길 8 &nbsp"
"317530","캐리소프트","KOSDAQ","기술성장기업부","기술성장기업","105901","영화, 비디오물, 방송프로그램 제작 및 배급업","12",,"6961196","500","3480598000","원(KRW)","박창신","02-2289-1452","서울특별시 구로구 디지털로31길 20, 에이스테크노타워5차 1101호 "
"206560","덱스터","KOSDAQ","기술성장기업부","기술성장기업","105901","영화, 비디오물, 방송프로그램 제작 및 배급업","12",,"25410336","500","12705168000","원(KRW)","김욱, 강종익","02-6391-7000","서울특별시 마포구 매봉산로 75 1801호, 1901호(상암동,디디엠씨) "
"250060","모비스","KOSDAQ","기술성장기업부","기술성장기업","106201","컴퓨터 프로그래밍, 시스템 통합 및 관리업","12",,"32171314","100","3217131400","원(KRW)","김지헌","02-3771-3423","경기도 성남시 분당구 판교로 253 이노밸리C동 2층 203호"
"352910","오비고","KOSDAQ","기술성장기업부","기술성장기업","106201","컴퓨터 프로그래밍, 시스템 통합 및 관리업","12",,"11450818","500","5725409000","원(KRW)","황도연","031-8033-3000","경기도 성남시 분당구 판교로 338 3층 &nbsp"
"300080","플리토","KOSDAQ","기술성장기업부","기술성장기업","106301","자료처리, 호스팅, 포털 및 기타 인터넷 정보매개 서비스업","12",,"5218911","500","2609455500","원(KRW)","이정수","02-512-0142","서울특별시 강남구 테헤란로 211 한국고등교육재단빌딩 9층 "
"042000","카페24","KOSDAQ","기술성장기업부","이익미실현기업","106301","자료처리, 호스팅, 포털 및 기타 인터넷 정보매개 서비스업","12",,"22497198","500","11248599000","원(KRW)","이재석","02-3284-0300","서울특별시 동작구 보라매로5길 15 "
"211050","인카금융서비스","KOSDAQ","기술성장기업부","신속이전기업","116602","보험 및 연금관련 서비스업","12",,"10275960","500","5137980000","원(KRW)","최병채","02-2192-8900","서울특별시 성동구 아차산로 33 , 5,6층(성수동1가, 삼일빌딩)"
"199800","툴젠","KOSDAQ","기술성장기업부","기술성장기업","137001","자연과학 및 공학 연구개발업","12",,"7852427","500","3926213500","원(KRW)","김영호, 이병화","02-873-8168","서울특별시 금천구 가산디지털1로 219, 1204호, 1205호, 1206호(가산동, 벽산디지털밸리 6차) &nbsp"
"311690","CJ 바이오사이언스","KOSDAQ","기술성장기업부","기술성장기업","137001","자연과학 및 공학 연구개발업","12",,"5878672","500","2939336000","원(KRW)","천종식","02-6078-3456","서울특별시 중구 세종대로 14 그랜드센트럴타워 B동 7층 "
"389030","지니너스","KOSDAQ","기술성장기업부","기술성장기업","137001","자연과학 및 공학 연구개발업","12",,"32607945","500","16303972500","원(KRW)","박웅양","02-6949-6570","서울특별시 송파구 정의로 70 4층, 5층(문정동, 케이디유타워) "
"308080","바이젠셀","KOSDAQ","기술성장기업부","기술성장기업","137001","자연과학 및 공학 연구개발업","12",,"19006060","500","9503030000","원(KRW)","김태규","02-3478-1686","서울특별시 서초구 반포대로 222, 서울성모병원 별관 7층 &nbsp"
"083790","크리스탈지노믹스","KOSDAQ","기술성장기업부","기술성장기업","137001","자연과학 및 공학 연구개발업","12",,"69246486","500","34623243000","원(KRW)","조중명","031-628-2700","경기도 성남시 분당구  대왕판교로 700 코리아바이오파크 A동 5층, 6층, 7층"
"047920","HLB제약","KOSDAQ","기술성장기업부","기술성장기업","137001","자연과학 및 공학 연구개발업","12",,"27871150","500","13935575000","원(KRW)","박재형, 전복환 각자대표","02-411-1514","경기도 남양주시 경강로 27 "
"095700","제넥신","KOSDAQ","기술성장기업부","기술성장기업","137001","자연과학 및 공학 연구개발업","12",,"25144982","500","12572491000","원(KRW)","우정원, Neil Warma","02-6098-2600","서울특별시 강서구 마곡중앙로 172 바이오이노베이션파크"
"203400","에이비온","KOSDAQ","기술성장기업부","기술성장기업","137001","자연과학 및 공학 연구개발업","12",,"18842237","500","9421118500","원(KRW)","신영기","02-6006-7650","서울특별시 구로구 디지털로 242 한화비즈메트로1차 242915호 "
"226950","올릭스","KOSDAQ","기술성장기업부","기술성장기업","137001","자연과학 및 공학 연구개발업","12",,"13703160","500","6851580000","원(KRW)","이동기","031-779-8400","경기도 수원시 영통구 대학4로 17 에이스광교타워1 1014호 &nbsp"
"204840","지엘팜텍","KOSDAQ","기술성장기업부","기술성장기업","137001","자연과학 및 공학 연구개발업","12",,"62104061","100","6210406100","원(KRW)","왕훈식","031-739-5220","경기도 성남시 수정구 달래내로 46 성남글로벌융합센터 210호"
"397030","에이프릴바이오","KOSDAQ","기술성장기업부","기술성장기업","137001","자연과학 및 공학 연구개발업","12",,"10514725","1000","10514725000","원(KRW)","차상훈","070-4027-7616","강원도 춘천시 강원대학길 1 의생명과학대학 B동 602호 "
"084990","헬릭스미스","KOSDAQ","기술성장기업부","기술성장기업","137001","자연과학 및 공학 연구개발업","12",,"37689326","500","18844663000","원(KRW)","김선영, 유승신(각자 대표이사)","02-2102-7200","서울특별시 강서구 마곡중앙8로7길 21 - "
"245620","EDGC","KOSDAQ","기술성장기업부","기술성장기업","137001","자연과학 및 공학 연구개발업","12",,"84075931","100","8407593100","원(KRW)","각자대표이사 이민섭,조성민","032-713-2100","인천광역시 연수구 하모니로 291, 4층 &nbsp"
"365270","큐라클","KOSDAQ","기술성장기업부","기술성장기업","137001","자연과학 및 공학 연구개발업","12",,"13789968","500","6894984000","원(KRW)","유재현","031-706-8300","서울특별시 서초구 효령로 23-1 - "
"261780","차백신연구소","KOSDAQ","기술성장기업부","기술성장기업","137001","자연과학 및 공학 연구개발업","12",,"26429162","500","13214581000","원(KRW)","염정선","031-881-7327","경기도 성남시 중원구 둔촌대로 560,  406,407호(상대원동, 벽산테크노피아) "
"109820","진매트릭스","KOSDAQ","기술성장기업부","기술성장기업","137001","자연과학 및 공학 연구개발업","12",,"20393640","500","10196820000","원(KRW)","김수옥","031-628-2000","경기도 성남시 분당구  대왕판교로 700 삼평동 코리아바이오파크 8층,7층"
"196170","알테오젠","KOSDAQ","기술성장기업부","기술성장기업","137001","자연과학 및 공학 연구개발업","12",,"42933685","500","21466842500","원(KRW)","박순재","042-384-8780","대전광역시 유성구 유성대로1628번길 62 (전민동 461-38번지)"
"141080","레고켐바이오","KOSDAQ","기술성장기업부","기술성장기업","137001","자연과학 및 공학 연구개발업","12",,"24303258","500","12151629000","원(KRW)","김용주","042-861-0688","대전광역시 유성구 국제과학10로 10 (주)레고켐 바이오사이언스"
"323990","박셀바이오","KOSDAQ","기술성장기업부","기술성장기업","137001","자연과학 및 공학 연구개발업","12",,"15223000","500","7611500000","원(KRW)","이제중 (단독 대표이사)","061-373-0046","전라남도 화순군 화순읍 산단길 12-55 "
"293780","압타바이오","KOSDAQ","기술성장기업부","기술성장기업","137001","자연과학 및 공학 연구개발업","12",,"22298866","500","11149433000","원(KRW)","이수진","031-365-3693","경기도 용인시 기흥구 흥덕1로 13 타워동 에이504호(영덕동, 흥덕아이티밸리) "
"299660","셀리드","KOSDAQ","기술성장기업부","기술성장기업","137001","자연과학 및 공학 연구개발업","12",,"9731192","500","4865596000","원(KRW)","강창율","02-3285-7860","서울시 관악구 관악로 1 서울대학교 142동 5층 "
"235980","메드팩토","KOSDAQ","기술성장기업부","기술성장기업","137001","자연과학 및 공학 연구개발업","12",,"21080195","500","10540097500","원(KRW)","김성진","02-6938-0200","서울특별시 서초구 명달로 92, 보림빌딩 "
"348150","고바이오랩","KOSDAQ","기술성장기업부","기술성장기업","137001","자연과학 및 공학 연구개발업","12",,"17030549","500","8515274500","원(KRW)","고광표","02-888-9964","서울특별시 관악구 관악로 1 220동 745-1호(신림동, 서울대학교종합연구동)"
"268600","셀리버리","KOSDAQ","기술성장기업부","기술성장기업","137001","자연과학 및 공학 연구개발업","12",,"34778732","500","17389366000","원(KRW)","조대웅","02-3151-8900","서울특별시 마포구 성암로 189 "
"127120","디엔에이링크","KOSDAQ","기술성장기업부","기술성장기업","137001","자연과학 및 공학 연구개발업","12",,"17093692","500","8546846000","원(KRW)","이종은","02-3153-1500","서울특별시 서대문구 이화여대길 52 이화여자대학교 산학협력관2층 디엔에이링크"
"321550","티움바이오","KOSDAQ","기술성장기업부","기술성장기업","137001","자연과학 및 공학 연구개발업","12",,"23984526","500","11992263000","원(KRW)","김훈택","070-4162-7320","경기도 성남시 분당구 대왕판교로644번길 49 4층(상평동, 다산타워)"
"291650","압타머사이언스","KOSDAQ","기술성장기업부","기술성장기업","137001","자연과학 및 공학 연구개발업","12",,"8490126","500","4245063000","원(KRW)","한동일","031-786-0317","경기도 성남시 분당구 판교로228번길 15 3동 301호(삼평동, 판교세븐벤처밸리1) "
"217330","싸이토젠","KOSDAQ","기술성장기업부","기술성장기업","137001","자연과학 및 공학 연구개발업","12",,"5959661","500","2979830500","원(KRW)","전병희","02-6925-1070","서울특별시 송파구 법원로 128 문정에스케이브이원지엘메트로시티 8층"
"142760","비엘","KOSDAQ","기술성장기업부","기술성장기업","137001","자연과학 및 공학 연구개발업","12",,"31448597","500","15724298500","원(KRW)","박영철","031-280-9650","경기도 용인시 수지구 신수로 767 7층 (동천동, 분당수지유타워 지식산업센터) "
"284620","카이노스메드","KOSDAQ","기술성장기업부","기술성장기업","137001","자연과학 및 공학 연구개발업","12",,"22322396","500","11161198000","원(KRW)","이기섭","02-567-7417","경기도 성남시 분당구 대왕판교로 700 코리아바이오파크 제3층 제에이-301호 일부 "
"236810","엔비티","KOSDAQ","기술성장기업부","기술성장기업","137103","광고업","12",,"16975426","100","1697542600","원(KRW)","박수근","070-8895-9156","서울특별시 서초구 남부순환로347길 101 "
"354200","엔젠바이오","KOSDAQ","기술성장기업부","기술성장기업","137309","그외 기타 전문, 과학 및 기술 서비스업","12",,"12502912","1000","12502912000","원(KRW)","최대출","02-867-9798","서울특별시 구로구 디지털로 288 303호. 304호. 305호. 306호. 307호. 314호. 제지1층 제비 127호, 제지1층 제비 128호 (구로동, 대륭포스트타워1차)"